,Measures,PGA,LPGA,Difference between tours
0,avg_difference,3.87,96.13,92.25999999999999
1,avg_win_per_event,120281.56927263862,25525.301120098145,-94756.26815254048
2,number_of_events,2282.0,2266.0,-16.0
3,number_of_players,100.0,100.0,0.0
4,total_prize_money,256726356.0,58410411.0,-198315945.0
